id,first,second,first_name,second_name
1X0872,10001,20001,first1,second1
1X0945,10002,20002,first2,second2
1X0951,10003,20003,first3,second3
1X1032,10004,20004,first4,second4
1X1125,10005,20005,first5,second5
1X1126,10006,20006,first6,second6
1X1146,10007,20007,first7,second7
1X1152,10008,20008,first8,second8
1X1155,10009,20009,first9,second9
1X1181,10010,20010,first10,second10
1X1237,10011,20011,first11,second11
1X1288,10012,20012,first12,second12
1X1487,10013,20013,first13,second13
1X1672,10014,20014,first14,second14
1X1765,10015,20015,first15,second15
1X1773,10016,20016,first16,second16
1X1939,10017,20017,first17,second17
1X1947,10018,20018,first18,second18
1X2055,10019,20019,first19,second19
1X2645,10020,20020,first20,second20