Animal ID,SEX,Mamu-A Haplotype 1,Mamu-A Haplotype 2,Mamu-B Haplotype 1,Mamu-B Haplotype 2
31204,M,A004,A004,B002,B048a
34009,F,A004,A008,B012b,B017a
33992,F,A008,A002a,B015b,B069a
33993,F,A004,A008,B012b,B015b?
33990,F,A007,A019,B008,B017a
34008,F,A004,A006,B012b,B024a
33970,F,A004,A008,B012b,B055
31310,M,A002a,A004,B001a,B015a
33985,F,A224a,A006,B045a,B001a
33971,F,A001,A008,B001a,B017a
33966,F,A007,A008,B008,B015a
34003,F,A001,A002a,B001a,B001a
34004,F,A001,A224a,B001a,B024a
33996,F,A002a,A008,B015?,B015b
34312,F,A002a,A007,B069a,B024a
34303,F,A008,A019,B017a,B055
32047,M,A002a,A007,B012b,B023
33983,F,A008,A016,B017a,B024a
33977,F,A008,A016,B017a,B024a
33967,F,A004,A008,B001a,B015a
34005,F,A008,A004,B015a,B001a
34001,F,A002a,A004,B024a,B001a
33995,F,A004,A028,B001a,B047a
33987,F,A004,A016,B048',B024a
31357,M,A004,A008,B001a,B069a
34321,F,A002a,A008,B015a,B015a
34313,F,A012,A016,B012a,B001a
34307,F,A007,A026,B008,B093
34302,F,A004,A007,B001a,B024a
34319,F,A007,A006,B008,B024a
34311,F,A004,A019,B-unk,B001a
