"","26450","35315","16808","27647","28729","32732","33873","33895","34163","34984","31937","32358","32560","32650","32741","32743","32798","33164","33866","33893","34155","34162","34210","34832","34953","36017","32771","33088","35153"
"26450",0.5,0,0,0,0,0,0,0,0,0,0,0,0,0,0,0,0,0,0,0,0,0,0,0,0,0,0,0,0
"35315",0,0.5,0,0,0,0,0,0,0,0,0,0,0,0,0,0,0,0,0,0.125,0,0,0,0,0.125,0,0,0,0
"16808",0,0,0.5625,0,0,0,0,0,0,0,0,0,0.109375,0,0,0,0,0.03125,0,0.078125,0,0,0,0,0,0,0,0,0
"27647",0,0,0,0.5,0.015625,0,0,0,0,0,0,0,0,0,0,0.046875,0.0390625,0,0.03125,0,0,0,0,0,0,0.06640625,0,0,0
"28729",0,0,0,0.015625,0.59375,0,0,0,0,0,0,0.078125,0,0.078125,0.1015625,0.03125,0.0234375,0,0.015625,0,0,0,0,0,0,0.01171875,0,0,0
"32732",0,0,0,0,0,0.5,0,0,0,0,0,0,0,0,0,0,0,0,0,0,0,0,0,0,0,0,0,0,0
"33873",0,0,0,0,0,0,0.5,0.125,0.125,0,0,0,0,0,0.015625,0,0.0078125,0,0,0,0.125,0,0,0.0078125,0,0,0,0,0
"33895",0,0,0,0,0,0,0.125,0.5,0.125,0,0,0,0,0,0.015625,0,0.0078125,0,0,0,0.125,0,0,0.0078125,0,0,0,0,0
"34163",0,0,0,0,0,0,0.125,0.125,0.5,0,0,0,0,0,0.015625,0,0.0078125,0,0,0,0.125,0,0,0.0078125,0,0,0,0,0
"34984",0,0,0,0,0,0,0,0,0,0.5,0,0,0,0,0,0,0,0,0,0,0,0,0,0,0,0,0.125,0,0.0625
"31937",0,0,0,0,0,0,0,0,0,0,0.5,0,0,0,0,0,0,0,0.0390625,0,0,0,0,0,0,0,0,0.0703125,0
"32358",0,0,0,0,0.078125,0,0,0,0,0,0,0.5,0,0.03125,0.0234375,0,0,0.046875,0,0,0,0.046875,0,0,0,0,0,0.00390625,0.046875
"32560",0,0,0.109375,0,0,0,0,0,0,0,0,0,0.5,0,0,0,0,0.017578125,0,0.0390625,0,0.001953125,0,0,0,0.140625,0,0,0.001953125
"32650",0,0,0,0,0.078125,0,0,0,0,0,0,0.03125,0,0.5,0.0234375,0,0,0,0,0,0,0,0.001953125,0,0,0,0,0,0
"32741",0,0,0,0,0.1015625,0,0.015625,0.015625,0.015625,0,0,0.0234375,0,0.0234375,0.5,0,0.0078125,0,0,0,0.015625,0,0,0.0078125,0,0,0,0,0
"32743",0,0,0,0.046875,0.03125,0,0,0,0,0,0,0,0,0,0,0.53125,0.0703125,0,0.15625,0,0,0,0,0,0,0.03515625,0,0,0
"32798",0,0,0,0.0390625,0.0234375,0,0.0078125,0.0078125,0.0078125,0,0,0,0,0,0.0078125,0.0703125,0.5,0,0.0390625,0,0.0078125,0,0,0.125,0,0.02734375,0,0.0078125,0
"33164",0,0,0.03125,0,0,0,0,0,0,0,0,0.046875,0.017578125,0,0,0,0,0.5,0,0.0078125,0,0.15625,0,0,0,0.001953125,0,0,0.15625
"33866",0,0,0,0.03125,0.015625,0,0,0,0,0,0.0390625,0,0,0,0,0.15625,0.0390625,0,0.5,0,0,0,0,0,0,0.01953125,0,0,0
"33893",0,0.125,0.078125,0,0,0,0,0,0,0,0,0,0.0390625,0,0,0,0,0.0078125,0,0.5,0,0.001953125,0,0,0.125,0,0,0,0
"34155",0,0,0,0,0,0,0.125,0.125,0.125,0,0,0,0,0,0.015625,0,0.0078125,0,0,0,0.5,0,0,0.0078125,0,0,0,0,0
"34162",0,0,0,0,0,0,0,0,0,0,0,0.046875,0.001953125,0,0,0,0,0.15625,0,0.001953125,0,0.5,0,0,0,0.001953125,0,0,0.15625
"34210",0,0,0,0,0,0,0,0,0,0,0,0,0,0.001953125,0,0,0,0,0,0,0,0,0.5,0.125,0,0,0,0,0
"34832",0,0,0,0,0,0,0.0078125,0.0078125,0.0078125,0,0,0,0,0,0.0078125,0,0.125,0,0,0,0.0078125,0,0.125,0.5,0,0,0,0.0078125,0
"34953",0,0.125,0,0,0,0,0,0,0,0,0,0,0,0,0,0,0,0,0,0.125,0,0,0,0,0.5,0,0.00390625,0,0
"36017",0,0,0,0.06640625,0.01171875,0,0,0,0,0,0,0,0.140625,0,0,0.03515625,0.02734375,0.001953125,0.01953125,0,0,0.001953125,0,0,0,0.5,0,0,0.001953125
"32771",0,0,0,0,0,0,0,0,0,0.125,0,0,0,0,0,0,0,0,0,0,0,0,0,0,0.00390625,0,0.5,0,0.0625
"33088",0,0,0,0,0,0,0,0,0,0,0.0703125,0.00390625,0,0,0,0,0.0078125,0,0,0,0,0,0,0.0078125,0,0,0,0.5,0
"35153",0,0,0,0,0,0,0,0,0,0.0625,0,0.046875,0.001953125,0,0,0,0,0.15625,0,0,0,0.15625,0,0,0,0.001953125,0.0625,0,0.5
