"id","first_name","second_name"
"31204","A004_B002","A004_B048a"
"34009","A004_B012b","A008_B017a"
"33992","A008_B015b","A002a_B069a"
"33993","A004_B012b","A008_B015b?"
"33990","A007_B008","A019_B017a"
"34008","A004_B012b","A006_B024a"
"33970","A004_B012b","A008_B055"
"31310","A002a_B001a","A004_B015a"
"33985","A224a_B045a","A006_B001a"
"33971","A001_B001a","A008_B017a"
"33966","A007_B008","A008_B015a"
"34003","A001_B001a","A002a_B001a"
"34004","A001_B001a","A224a_B024a"
"33996","A002a_B015?","A008_B015b"
"34312","A002a_B069a","A007_B024a"
"34303","A008_B017a","A019_B055"
"32047","A002a_B012b","A007_B023"
"33983","A008_B017a","A016_B024a"
"33977","A008_B017a","A016_B024a"
"33967","A004_B001a","A008_B015a"
"34005","A008_B015a","A004_B001a"
"34001","A002a_B024a","A004_B001a"
"33995","A004_B001a","A028_B047a"
"33987","A004_B048'","A016_B024a"
"31357","A004_B001a","A008_B069a"
"34321","A002a_B015a","A008_B015a"
"34313","A012_B012a","A016_B001a"
"34307","A007_B008","A026_B093"
"34302","A004_B001a","A007_B024a"
"34319","A007_B008","A006_B024a"
"34311","A004_B-unk","A019_B001a"
